Contact Chart,POST,,,,,,,,,,,,,,,,,,,,,,,,
a,b,c,d,e,f,g,h,i,j,k,l,m,n,o,p,q,r,s,t,u,v,w,x,y,z
N,E,O,E,R,O,E,E,N,U,E,E,E,D,N,E,U,E,T,H,R,A,A,P,O,E
T,L,E,I,N,I,H,A,S,O,I,I,A,T,R,R,I,I,E,I,S,B,H,T,S,A
L,O,H,O,S,E,R,I,T,E,N,L,O,G,F,O,L,O,I,E,T,C,I,I,E,I
R,U,A,A,D,R,I,O,O,A,S,A,I,E,U,A,S,A,S,O,N,D,E,A,I,O
S,Y,T,U,A,A,A,T,C,I,A,Y,P,S,M,L,A,S,O,A,L,E,O,C,P,Z
C,A,I,S,L,F,O,R,L,R,L,O,U,O,T,P,N,T,H,R,C,F,N,E,M,Y
D,R,U,R,C,U,U,U,E,P,O,D,M,C,L,I,R,Y,U,S,E,G,S,U,T,U
I,I,R,Y,T,T,N,Y,M,N,Y,S,S,A,W,T,Q,D,A,U,M,H,R,H,A,L
M,S,L,D,E,L,L,N,R,M,H,U,B,I,S,U,T,M,P,Y,A,I,L,X,L,H
B,J,K,L,M,Y,S,S,D,H,U,T,Y,Y,P,H,O,N,C,T,P,J,T,O,C,S
Y,T,C,G,V,S,Y,M,V,C,R,F,N,U,O,S,C,U,M,L,G,K,D,Y,N,T
V,B,Y,V,X,M,G,L,A,S,G,V,L,N,D,M,B,C,Y,W,I,L,Y,V,R,W
G,V,S,M,I,C,T,W,G,L,W,M,C,F,V,Y,M,R,L,M,D,M,F,F,D,B
P,M,Q,W,P,G,M,B,F,J,M,K,F,L,C,F,F,G,K,C,B,N,M,L,B,R
U,D,M,N,F,D,D,D,B,T,F,P,R,V,B,B,V,K,W,N,F,O,K,Q,W,G
K,N,D,H,Y,N,F,F,P,D,T,W,T,K,G,W,E,L,F,F,O,P,B,M,G,M
F,C,F,J,G,B,W,C,Z,F,B,C,G,M,I,D,D,V,N,P,K,Q,P,W,Z,V
W,H,P,T,W,W,B,P,K,B,P,R,D,J,K,N,P,P,B,Z,Y,R,U,B,U,N
X,P,G,F,O,P,P,H,I,K,D,B,W,H,A,C,H,F,Q,B,X,S,C,S,F,C
H,W,N,B,Q,H,K,Q,X,V,K,G,H,R,E,K,J,B,R,G,V,T,W,N,H,D
E,G,Z,C,U,K,C,Z,U,W,C,N,V,P,Y,G,W,H,D,D,Z,U,G,R,K,P
Z,F,B,P,B,J,Z,G,Q,Y,V,H,K,Q,H,Z,X,W,G,V,H,V,J,G,V,Q
J,K,V,Q,H,X,V,K,H,G,J,Z,J,W,X,V,G,X,V,K,U,W,V,J,X,K
O,Z,W,K,K,V,J,V,J,Z,X,X,X,Z,J,J,K,Q,J,X,J,X,X,K,Y,F
A,X,J,Z,J,Z,X,J,W,X,Q,Q,Z,B,Z,X,Y,Z,Z,J,W,Y,Q,D,J,J
Q,Q,X,X,Z,Q,Q,X,Y,Q,Z,J,Q,X,Q,Q,Z,J,X,Q,Q,Z,Z,Z,Q,X
